算法,随机种子,评估序号,阶段,延迟_ns,能耗_nJ,面积_um2,功耗_W,精度,单次耗时_s,是否帕累托点,交叉阵列尺寸,ADC档位,DAC档位,PE阵列规模,Tile连接方式,片间带宽,片内带宽,附加JSON
random,1,1,random,16858401.915013786,2837962.093420527,1077746876.16584,64.44947507120662,,1.9403069019317627,1,512x512,4,3,4x4,2,20,512,{}
