algo,track,n_seeds,mean_hypervolume,std_hypervolume,mean_pareto_size,std_pareto_size,mean_best_latency_ns,std_best_latency_ns,mean_best_energy_nj,std_best_energy_nj,mean_best_area_um2,std_best_area_um2,mean_wall_time_s
bo_gp,single,1,9.838086950378318e+23,0.0,2,0.0,3742280.4268778004,0.0,431721.2155879321,0.0,832821831.1245515,0.0,22.433023929595947
mobo,multi,1,9.830536277933815e+23,0.0,2,0.0,3530926.4259242346,0.0,431721.2155879321,0.0,832873846.2285514,0.0,22.245369911193848
nsga2,multi,1,9.89709944401309e+23,0.0,1,0.0,3482181.3687248863,0.0,431721.2155879321,0.0,832873846.2285514,0.0,24.362070083618164
