{
  "trials": [
    {
      "algo": "bo_gp",
      "track": "single",
      "seed": 42,
      "total_evaluated": 8,
      "pareto_size": 2,
      "hypervolume": 9.838086950378318e+23,
      "hv_ref_lat": 46852838.32639716,
      "hv_ref_en": 17977119.825583942,
      "hv_ref_area": 2133488653.3146083,
      "best_scalarized_obj": 32.22978494405868,
      "best_latency_ns": 3742280.4268778004,
      "best_energy_nj": 431721.2155879321,
      "best_area_um2": 832821831.1245515,
      "best_accuracy": null,
      "wall_time_s": 22.433023929595947
    },
    {
      "algo": "mobo",
      "track": "multi",
      "seed": 42,
      "total_evaluated": 8,
      "pareto_size": 2,
      "hypervolume": 9.830536277933815e+23,
      "hv_ref_lat": 46852838.32639716,
      "hv_ref_en": 17977119.825583942,
      "hv_ref_area": 2133488653.3146083,
      "best_scalarized_obj": null,
      "best_latency_ns": 3530926.4259242346,
      "best_energy_nj": 431721.2155879321,
      "best_area_um2": 832873846.2285514,
      "best_accuracy": null,
      "wall_time_s": 22.245369911193848
    },
    {
      "algo": "nsga2",
      "track": "multi",
      "seed": 42,
      "total_evaluated": 8,
      "pareto_size": 1,
      "hypervolume": 9.89709944401309e+23,
      "hv_ref_lat": 46852838.32639716,
      "hv_ref_en": 17977119.825583942,
      "hv_ref_area": 2133488653.3146083,
      "best_scalarized_obj": null,
      "best_latency_ns": 3482181.3687248863,
      "best_energy_nj": 431721.2155879321,
      "best_area_um2": 832873846.2285514,
      "best_accuracy": null,
      "wall_time_s": 24.362070083618164
    }
  ],
  "summary": [
    {
      "algo": "bo_gp",
      "track": "single",
      "n_seeds": 1,
      "mean_hypervolume": 9.838086950378318e+23,
      "std_hypervolume": 0.0,
      "mean_pareto_size": 2,
      "std_pareto_size": 0.0,
      "mean_best_latency_ns": 3742280.4268778004,
      "std_best_latency_ns": 0.0,
      "mean_best_energy_nj": 431721.2155879321,
      "std_best_energy_nj": 0.0,
      "mean_best_area_um2": 832821831.1245515,
      "std_best_area_um2": 0.0,
      "mean_wall_time_s": 22.433023929595947
    },
    {
      "algo": "mobo",
      "track": "multi",
      "n_seeds": 1,
      "mean_hypervolume": 9.830536277933815e+23,
      "std_hypervolume": 0.0,
      "mean_pareto_size": 2,
      "std_pareto_size": 0.0,
      "mean_best_latency_ns": 3530926.4259242346,
      "std_best_latency_ns": 0.0,
      "mean_best_energy_nj": 431721.2155879321,
      "std_best_energy_nj": 0.0,
      "mean_best_area_um2": 832873846.2285514,
      "std_best_area_um2": 0.0,
      "mean_wall_time_s": 22.245369911193848
    },
    {
      "algo": "nsga2",
      "track": "multi",
      "n_seeds": 1,
      "mean_hypervolume": 9.89709944401309e+23,
      "std_hypervolume": 0.0,
      "mean_pareto_size": 1,
      "std_pareto_size": 0.0,
      "mean_best_latency_ns": 3482181.3687248863,
      "std_best_latency_ns": 0.0,
      "mean_best_energy_nj": 431721.2155879321,
      "std_best_energy_nj": 0.0,
      "mean_best_area_um2": 832873846.2285514,
      "std_best_area_um2": 0.0,
      "mean_wall_time_s": 24.362070083618164
    }
  ]
}