algo,track,seed,total_evaluated,pareto_size,hypervolume,hv_ref_lat,hv_ref_en,hv_ref_area,best_scalarized_obj,best_latency_ns,best_energy_nj,best_area_um2,best_accuracy,wall_time_s
bo_gp,single,42,8,2,9.838086950378318e+23,46852838.32639716,17977119.825583942,2133488653.3146083,32.22978494405868,3742280.4268778004,431721.2155879321,832821831.1245515,,22.433023929595947
mobo,multi,42,8,2,9.830536277933815e+23,46852838.32639716,17977119.825583942,2133488653.3146083,,3530926.4259242346,431721.2155879321,832873846.2285514,,22.245369911193848
nsga2,multi,42,8,1,9.89709944401309e+23,46852838.32639716,17977119.825583942,2133488653.3146083,,3482181.3687248863,431721.2155879321,832873846.2285514,,24.362070083618164
