{
  "说明": "与 comparison.json 数值一致，键名为中文便于阅读。",
  "试验": [
    {
      "算法": "matrixcsv",
      "优化轨道": "多目标",
      "随机种子": 42,
      "总评估次数": 4,
      "帕累托解数量": 2,
      "超体积_HV": 7.2433459137898774e+22,
      "HV参考_延迟": 16494917.182646804,
      "HV参考_能耗": 15663528.149921106,
      "HV参考_面积": 3391315996.9185567,
      "最优标量目标": null,
      "最优延迟_ns": 4430024.989793121,
      "最优能耗_nJ": 9452907.30945102,
      "最优面积_um2": 2354348727.1181145,
      "最优精度": 0.9453125,
      "墙钟时间_s": 559.463191986084
    }
  ],
  "汇总": [
    {
      "算法": "matrixcsv",
      "优化轨道": "多目标",
      "种子数量": 1,
      "HV均值": 7.2433459137898774e+22,
      "HV标准差": 0.0,
      "帕累托规模均值": 2,
      "帕累托规模标准差": 0.0,
      "最优延迟均值_ns": 4430024.989793121,
      "最优延迟标准差_ns": 0.0,
      "最优能耗均值_nJ": 9452907.30945102,
      "最优能耗标准差_nJ": 0.0,
      "最优面积均值_um2": 2354348727.1181145,
      "最优面积标准差_um2": 0.0,
      "墙钟时间均值_s": 559.463191986084
    }
  ]
}