算法,随机种子,评估序号,阶段,延迟_ns,能耗_nJ,面积_um2,功耗_W,精度,单次耗时_s,RRAM器件预设,交叉阵列尺寸,ADC档位,DAC数量,正负权实现方式,差分相减位置,阵列分组数,PE阵列规模,Tile连接方式,片间带宽
matrixcsv,42,1,matrix_A,4430024.989793121,9452907.30945102,2426702222.653233,429.6055257914888,0.931640625,1066.1578629016876,P0,128x128,4,32,2,1,1,2x2,2,80
matrixcsv,42,5,matrix_A,5997133.2533934815,3196862.6607138305,894254493.5562104,29.65455182969042,0.93359375,207.20196986198425,P0,512x512,4,32,2,1,1,2x2,2,80
