算法,随机种子,评估序号,阶段,延迟_ns,能耗_nJ,面积_um2,功耗_W,精度,单次耗时_s,交叉阵列尺寸,ADC档位,DAC档位,PE阵列规模,Tile连接方式,片间带宽,片内带宽
random,42,1,random,4577035.194253822,431721.2155879321,832873846.2285514,8.600673318782485,,2.02492094039917,512x512,8,3,2x2,1,20,2048
random,42,8,random,3904375.98396252,2324432.466309404,1200737393.5429137,132.46970327750816,,2.5129499435424805,256x256,7,1,2x2,2,80,2048
random,42,22,random,3981011.355787073,1373467.2521997802,1200928965.5109136,136.82241527750816,,2.7340731620788574,256x256,7,4,2x2,0,80,512
random,42,45,random,5965777.132936206,431701.84715030564,832839169.4925516,7.8445101187824875,,2.1040971279144287,512x512,8,2,2x2,1,10,512
