{
  "说明": "与 comparison.json 数值一致，键名为中文便于阅读。",
  "试验": [
    {
      "算法": "matrixcsv",
      "优化轨道": "多目标",
      "随机种子": 417,
      "总评估次数": 10,
      "帕累托解数量": 4,
      "超体积_HV": 3.5520909910814523e+20,
      "HV参考_延迟": 5981085.23576409,
      "HV参考_能耗": 1769072.8027116833,
      "HV参考_面积": 1106494251.8306065,
      "最优标量目标": null,
      "最优延迟_ns": 4328935.425119968,
      "最优能耗_nJ": 797588.8653504751,
      "最优面积_um2": 884941383.1245514,
      "最优精度": 0.94921875,
      "墙钟时间_s": 428.53533482551575
    }
  ],
  "汇总": [
    {
      "算法": "matrixcsv",
      "优化轨道": "多目标",
      "种子数量": 1,
      "HV均值": 3.5520909910814523e+20,
      "HV标准差": 0.0,
      "帕累托规模均值": 4,
      "帕累托规模标准差": 0.0,
      "最优延迟均值_ns": 4328935.425119968,
      "最优延迟标准差_ns": 0.0,
      "最优能耗均值_nJ": 797588.8653504751,
      "最优能耗标准差_nJ": 0.0,
      "最优面积均值_um2": 884941383.1245514,
      "最优面积标准差_um2": 0.0,
      "墙钟时间均值_s": 428.53533482551575
    }
  ]
}