{
  "说明": "与 comparison.json 数值一致，键名为中文便于阅读。",
  "试验": [
    {
      "算法": "random",
      "优化轨道": "多目标",
      "随机种子": 43,
      "总评估次数": 200,
      "帕累托解数量": 6,
      "超体积_HV": 1.7071676883123156e+24,
      "HV参考_延迟": 50703930.682088986,
      "HV参考_能耗": 21022662.4757832,
      "HV参考_面积": 2579586847.746608,
      "最优标量目标": null,
      "最优延迟_ns": 3188529.7385994596,
      "最优能耗_nJ": 431701.84715030564,
      "最优面积_um2": 832821831.1245515,
      "最优精度": null,
      "墙钟时间_s": 642.4297251701355
    },
    {
      "算法": "random",
      "优化轨道": "多目标",
      "随机种子": 42,
      "总评估次数": 200,
      "帕累托解数量": 4,
      "超体积_HV": 1.7094139748353847e+24,
      "HV参考_延迟": 50703930.682088986,
      "HV参考_能耗": 21022662.4757832,
      "HV参考_面积": 2579586847.746608,
      "最优标量目标": null,
      "最优延迟_ns": 3096095.9946542145,
      "最优能耗_nJ": 431701.84715030564,
      "最优面积_um2": 832821831.1245515,
      "最优精度": null,
      "墙钟时间_s": 646.5236089229584
    },
    {
      "算法": "random",
      "优化轨道": "多目标",
      "随机种子": 44,
      "总评估次数": 200,
      "帕累托解数量": 5,
      "超体积_HV": 1.7003290544334054e+24,
      "HV参考_延迟": 50703930.682088986,
      "HV参考_能耗": 21022662.4757832,
      "HV参考_面积": 2579586847.746608,
      "最优标量目标": null,
      "最优延迟_ns": 3394446.9293064657,
      "最优能耗_nJ": 431721.2155879321,
      "最优面积_um2": 832821831.1245515,
      "最优精度": null,
      "墙钟时间_s": 658.224634885788
    }
  ],
  "汇总": [
    {
      "算法": "random",
      "优化轨道": "多目标",
      "种子数量": 3,
      "HV均值": 1.7056369058603686e+24,
      "HV标准差": 4.731956874694274e+21,
      "帕累托规模均值": 5,
      "帕累托规模标准差": 1.0,
      "最优延迟均值_ns": 3226357.5541867134,
      "最优延迟标准差_ns": 152730.24512533663,
      "最优能耗均值_nJ": 431708.30329618114,
      "最优能耗标准差_nJ": 11.182372677417602,
      "最优面积均值_um2": 832821831.1245515,
      "最优面积标准差_um2": 0.0,
      "墙钟时间均值_s": 649.0593229929606
    }
  ]
}