{
  "trials": [
    {
      "algo": "matrixcsv",
      "track": "multi",
      "seed": 42,
      "total_evaluated": 4,
      "pareto_size": 2,
      "hypervolume": 7.2433459137898774e+22,
      "hv_ref_lat": 16494917.182646804,
      "hv_ref_en": 15663528.149921106,
      "hv_ref_area": 3391315996.9185567,
      "best_scalarized_obj": null,
      "best_latency_ns": 4430024.989793121,
      "best_energy_nj": 9452907.30945102,
      "best_area_um2": 2354348727.1181145,
      "best_accuracy": 0.947265625,
      "wall_time_s": 546.1957278251648
    }
  ],
  "summary": [
    {
      "algo": "matrixcsv",
      "track": "multi",
      "n_seeds": 1,
      "mean_hypervolume": 7.2433459137898774e+22,
      "std_hypervolume": 0.0,
      "mean_pareto_size": 2,
      "std_pareto_size": 0.0,
      "mean_best_latency_ns": 4430024.989793121,
      "std_best_latency_ns": 0.0,
      "mean_best_energy_nj": 9452907.30945102,
      "std_best_energy_nj": 0.0,
      "mean_best_area_um2": 2354348727.1181145,
      "std_best_area_um2": 0.0,
      "mean_wall_time_s": 546.1957278251648
    }
  ]
}