{
  "说明": "与 comparison.json 数值一致，键名为中文便于阅读。",
  "试验": [
    {
      "算法": "random",
      "优化轨道": "多目标",
      "随机种子": 42,
      "总评估次数": 20,
      "帕累托解数量": 3,
      "超体积_HV": 3.159618544249037e+24,
      "HV参考_延迟": 52918340.930064715,
      "HV参考_能耗": 26372079.69816355,
      "HV参考_面积": 3889689414.37238,
      "最优标量目标": null,
      "最优延迟_ns": 4430024.989793121,
      "最优能耗_nJ": 660743.0108614445,
      "最优面积_um2": 806405342.0955797,
      "最优精度": 0.94921875,
      "墙钟时间_s": 9548.56777215004
    }
  ],
  "汇总": [
    {
      "算法": "random",
      "优化轨道": "多目标",
      "种子数量": 1,
      "HV均值": 3.159618544249037e+24,
      "HV标准差": 0.0,
      "帕累托规模均值": 3,
      "帕累托规模标准差": 0.0,
      "最优延迟均值_ns": 4430024.989793121,
      "最优延迟标准差_ns": 0.0,
      "最优能耗均值_nJ": 660743.0108614445,
      "最优能耗标准差_nJ": 0.0,
      "最优面积均值_um2": 806405342.0955797,
      "最优面积标准差_um2": 0.0,
      "墙钟时间均值_s": 9548.56777215004
    }
  ]
}