算法,随机种子,评估序号,阶段,延迟_ns,能耗_nJ,面积_um2,功耗_W,精度,单次耗时_s,RRAM器件预设,交叉阵列尺寸,ADC档位,DAC数量,正负权实现方式,差分相减位置,阵列分组数,PE阵列规模,Tile连接方式,片间带宽
nsga2,43,2,init,4328935.425119968,1077230.9208284174,884941383.1245514,35.34259701478249,0.916015625,19.38039231300354,P1,512x512,7,128,2,0,1,2x2,2,80
nsga2,43,7,gen_1,4328935.425119968,797588.8653504751,885788665.3005514,18.642665939012545,0.91796875,18.525436878204346,P2,512x512,7,128,2,1,1,2x2,2,80
nsga2,43,10,gen_1,4328935.425119968,1077230.9208284174,884941383.1245514,35.34259701478249,0.931640625,21.052493572235107,P2,512x512,7,128,2,0,1,2x2,2,80
nsga2,43,11,gen_2,4328935.425119968,797588.8653504751,885788665.3005514,18.642665939012545,0.92578125,20.75010323524475,P1,512x512,7,128,2,1,1,2x2,2,80
