{
  "说明": "与 comparison.json 数值一致，键名为中文便于阅读。",
  "试验": [
    {
      "算法": "random",
      "优化轨道": "多目标",
      "随机种子": 42,
      "总评估次数": 500,
      "帕累托解数量": 4,
      "超体积_HV": 1.7135312302962508e+24,
      "HV参考_延迟": 50818113.13747919,
      "HV参考_能耗": 21022662.4757832,
      "HV参考_面积": 2579586847.746608,
      "最优标量目标": null,
      "最优延迟_ns": 3096095.9946542145,
      "最优能耗_nJ": 431701.84715030564,
      "最优面积_um2": 832821831.1245515,
      "最优精度": null,
      "墙钟时间_s": 1504.2648468017578
    },
    {
      "算法": "random",
      "优化轨道": "多目标",
      "随机种子": 44,
      "总评估次数": 500,
      "帕累托解数量": 7,
      "超体积_HV": 1.710586984387967e+24,
      "HV参考_延迟": 50818113.13747919,
      "HV参考_能耗": 21022662.4757832,
      "HV参考_面积": 2579586847.746608,
      "最优标量目标": null,
      "最优延迟_ns": 3194958.709302584,
      "最优能耗_nJ": 431701.84715030564,
      "最优面积_um2": 832821831.1245515,
      "最优精度": null,
      "墙钟时间_s": 1509.725625038147
    },
    {
      "算法": "random",
      "优化轨道": "多目标",
      "随机种子": 43,
      "总评估次数": 500,
      "帕累托解数量": 6,
      "超体积_HV": 1.7140182754228145e+24,
      "HV参考_延迟": 50818113.13747919,
      "HV参考_能耗": 21022662.4757832,
      "HV参考_面积": 2579586847.746608,
      "最优标量目标": null,
      "最优延迟_ns": 3096095.9946542145,
      "最优能耗_nJ": 431701.84715030564,
      "最优面积_um2": 832821831.1245515,
      "最优精度": null,
      "墙钟时间_s": 1513.726175069809
    }
  ],
  "汇总": [
    {
      "算法": "random",
      "优化轨道": "多目标",
      "种子数量": 3,
      "HV均值": 1.7127121633690109e+24,
      "HV标准差": 1.8565000713520485e+21,
      "帕累托规模均值": 5.666666666666667,
      "帕累托规模标准差": 1.5275252316519468,
      "最优延迟均值_ns": 3129050.2328703376,
      "最优延迟标准差_ns": 57078.41491505341,
      "最优能耗均值_nJ": 431701.84715030564,
      "最优能耗标准差_nJ": 0.0,
      "最优面积均值_um2": 832821831.1245515,
      "最优面积标准差_um2": 0.0,
      "墙钟时间均值_s": 1509.238882303238
    }
  ]
}