{
  "说明": "与 comparison.json 数值一致，键名为中文便于阅读。",
  "试验": [
    {
      "算法": "random",
      "优化轨道": "多目标",
      "随机种子": 43,
      "总评估次数": 50,
      "帕累托解数量": 3,
      "超体积_HV": 1.6958280403819276e+24,
      "HV参考_延迟": 50701286.6956632,
      "HV参考_能耗": 21022662.4757832,
      "HV参考_面积": 2579586847.746608,
      "最优标量目标": null,
      "最优延迟_ns": 3552444.808373434,
      "最优能耗_nJ": 431701.84715030564,
      "最优面积_um2": 832821831.1245515,
      "最优精度": null,
      "墙钟时间_s": 135.57719135284424
    },
    {
      "算法": "random",
      "优化轨道": "多目标",
      "随机种子": 42,
      "总评估次数": 50,
      "帕累托解数量": 4,
      "超体积_HV": 1.6770836744274643e+24,
      "HV参考_延迟": 50701286.6956632,
      "HV参考_能耗": 21022662.4757832,
      "HV参考_面积": 2579586847.746608,
      "最优标量目标": null,
      "最优延迟_ns": 3904375.98396252,
      "最优能耗_nJ": 431701.84715030564,
      "最优面积_um2": 832839169.4925516,
      "最优精度": null,
      "墙钟时间_s": 137.40119981765747
    },
    {
      "算法": "random",
      "优化轨道": "多目标",
      "随机种子": 44,
      "总评估次数": 50,
      "帕累托解数量": 3,
      "超体积_HV": 1.6834773125930717e+24,
      "HV参考_延迟": 50701286.6956632,
      "HV参考_能耗": 21022662.4757832,
      "HV参考_面积": 2579586847.746608,
      "最优标量目标": null,
      "最优延迟_ns": 3688343.5678964313,
      "最优能耗_nJ": 431721.2155879321,
      "最优面积_um2": 832873846.2285514,
      "最优精度": null,
      "墙钟时间_s": 141.8727343082428
    }
  ],
  "汇总": [
    {
      "算法": "random",
      "优化轨道": "多目标",
      "种子数量": 3,
      "HV均值": 1.6854630091341544e+24,
      "HV标准差": 9.528644018099437e+21,
      "帕累托规模均值": 3.3333333333333335,
      "帕累托规模标准差": 0.5773502691896257,
      "最优延迟均值_ns": 3715054.7867441284,
      "最优延迟标准差_ns": 177479.5903678116,
      "最优能耗均值_nJ": 431708.30329618114,
      "最优能耗标准差_nJ": 11.182372677417602,
      "最优面积均值_um2": 832844948.9485515,
      "最优面积标准差_um2": 26484.794595583247,
      "墙钟时间均值_s": 138.28370849291483
    }
  ]
}