{
  "trials": [
    {
      "algo": "random",
      "track": "multi",
      "seed": 43,
      "total_evaluated": 50,
      "pareto_size": 3,
      "hypervolume": 1.6958280403819276e+24,
      "hv_ref_lat": 50701286.6956632,
      "hv_ref_en": 21022662.4757832,
      "hv_ref_area": 2579586847.746608,
      "best_scalarized_obj": null,
      "best_latency_ns": 3552444.808373434,
      "best_energy_nj": 431701.84715030564,
      "best_area_um2": 832821831.1245515,
      "best_accuracy": null,
      "wall_time_s": 135.57719135284424
    },
    {
      "algo": "random",
      "track": "multi",
      "seed": 42,
      "total_evaluated": 50,
      "pareto_size": 4,
      "hypervolume": 1.6770836744274643e+24,
      "hv_ref_lat": 50701286.6956632,
      "hv_ref_en": 21022662.4757832,
      "hv_ref_area": 2579586847.746608,
      "best_scalarized_obj": null,
      "best_latency_ns": 3904375.98396252,
      "best_energy_nj": 431701.84715030564,
      "best_area_um2": 832839169.4925516,
      "best_accuracy": null,
      "wall_time_s": 137.40119981765747
    },
    {
      "algo": "random",
      "track": "multi",
      "seed": 44,
      "total_evaluated": 50,
      "pareto_size": 3,
      "hypervolume": 1.6834773125930717e+24,
      "hv_ref_lat": 50701286.6956632,
      "hv_ref_en": 21022662.4757832,
      "hv_ref_area": 2579586847.746608,
      "best_scalarized_obj": null,
      "best_latency_ns": 3688343.5678964313,
      "best_energy_nj": 431721.2155879321,
      "best_area_um2": 832873846.2285514,
      "best_accuracy": null,
      "wall_time_s": 141.8727343082428
    }
  ],
  "summary": [
    {
      "algo": "random",
      "track": "multi",
      "n_seeds": 3,
      "mean_hypervolume": 1.6854630091341544e+24,
      "std_hypervolume": 9.528644018099437e+21,
      "mean_pareto_size": 3.3333333333333335,
      "std_pareto_size": 0.5773502691896257,
      "mean_best_latency_ns": 3715054.7867441284,
      "std_best_latency_ns": 177479.5903678116,
      "mean_best_energy_nj": 431708.30329618114,
      "std_best_energy_nj": 11.182372677417602,
      "mean_best_area_um2": 832844948.9485515,
      "std_best_area_um2": 26484.794595583247,
      "mean_wall_time_s": 138.28370849291483
    }
  ]
}