{
  "说明": "与 comparison.json 数值一致，键名为中文便于阅读。",
  "试验": [
    {
      "算法": "matrixcsv",
      "优化轨道": "多目标",
      "随机种子": 42,
      "总评估次数": 16,
      "帕累托解数量": 2,
      "超体积_HV": 1.2306178510244918e+22,
      "HV参考_延迟": 20074654.34634978,
      "HV参考_能耗": 5840710.943270167,
      "HV参考_面积": 1336182872.9068625,
      "最优标量目标": null,
      "最优延迟_ns": 5997133.2533934815,
      "最优能耗_nJ": 3193060.1506895665,
      "最优面积_um2": 1006013853.5562103,
      "最优精度": 0.9345703125,
      "墙钟时间_s": 1333.5322198867798
    }
  ],
  "汇总": [
    {
      "算法": "matrixcsv",
      "优化轨道": "多目标",
      "种子数量": 1,
      "HV均值": 1.2306178510244918e+22,
      "HV标准差": 0.0,
      "帕累托规模均值": 2,
      "帕累托规模标准差": 0.0,
      "最优延迟均值_ns": 5997133.2533934815,
      "最优延迟标准差_ns": 0.0,
      "最优能耗均值_nJ": 3193060.1506895665,
      "最优能耗标准差_nJ": 0.0,
      "最优面积均值_um2": 1006013853.5562103,
      "最优面积标准差_um2": 0.0,
      "墙钟时间均值_s": 1333.5322198867798
    }
  ]
}