{
  "说明": "与 comparison.json 数值一致，键名为中文便于阅读。",
  "试验": [
    {
      "算法": "random",
      "优化轨道": "多目标",
      "随机种子": 44,
      "总评估次数": 100,
      "帕累托解数量": 4,
      "超体积_HV": 5.627234179408011e+23,
      "HV参考_延迟": 24266301.067398094,
      "HV参考_能耗": 10105163.176967371,
      "HV参考_面积": 3955366499.8781314,
      "最优标量目标": null,
      "最优延迟_ns": 2267737.4511600616,
      "最优能耗_nJ": 247921.65228251895,
      "最优面积_um2": 1339046865.729671,
      "最优精度": null,
      "墙钟时间_s": 420.87469696998596
    },
    {
      "算法": "random",
      "优化轨道": "多目标",
      "随机种子": 43,
      "总评估次数": 100,
      "帕累托解数量": 4,
      "超体积_HV": 5.6723404975675526e+23,
      "HV参考_延迟": 24266301.067398094,
      "HV参考_能耗": 10105163.176967371,
      "HV参考_面积": 3955366499.8781314,
      "最优标量目标": null,
      "最优延迟_ns": 2206714.5825780607,
      "最优能耗_nJ": 247464.58029043855,
      "最优面积_um2": 1339046865.729671,
      "最优精度": null,
      "墙钟时间_s": 423.685720205307
    },
    {
      "算法": "random",
      "优化轨道": "多目标",
      "随机种子": 42,
      "总评估次数": 100,
      "帕累托解数量": 3,
      "超体积_HV": 5.607509809315869e+23,
      "HV参考_延迟": 24266301.067398094,
      "HV参考_能耗": 10105163.176967371,
      "HV参考_面积": 3955366499.8781314,
      "最优标量目标": null,
      "最优延迟_ns": 2439143.1307558226,
      "最优能耗_nJ": 247464.58029043855,
      "最优面积_um2": 1339046865.729671,
      "最优精度": null,
      "墙钟时间_s": 424.1385519504547
    }
  ],
  "汇总": [
    {
      "算法": "random",
      "优化轨道": "多目标",
      "种子数量": 3,
      "HV均值": 5.635694828763811e+23,
      "HV标准差": 3.323313821230385e+21,
      "帕累托规模均值": 3.6666666666666665,
      "帕累托规模标准差": 0.5773502691896257,
      "最优延迟均值_ns": 2304531.721497982,
      "最优延迟标准差_ns": 120503.61508801513,
      "最优能耗均值_nJ": 247616.937621132,
      "最优能耗标准差_nJ": 263.89063766665555,
      "最优面积均值_um2": 1339046865.729671,
      "最优面积标准差_um2": 0.0,
      "墙钟时间均值_s": 422.8996563752492
    }
  ]
}