{
  "说明": "与 comparison.json 数值一致，键名为中文便于阅读。",
  "试验": [
    {
      "算法": "matrixcsv",
      "优化轨道": "多目标",
      "随机种子": 42,
      "总评估次数": 8,
      "帕累托解数量": 1,
      "超体积_HV": 2.5517299244688696e+22,
      "HV参考_延迟": 6596846.5787328305,
      "HV参考_能耗": 10392104.579555754,
      "HV参考_面积": 3391315996.9185567,
      "最优标量目标": null,
      "最优延迟_ns": 4001328.28973039,
      "最优能耗_nJ": 1606120.9014031086,
      "最优面积_um2": 885898653.5562104,
      "最优精度": 0.884765625,
      "墙钟时间_s": 1314.8782420158386
    }
  ],
  "汇总": [
    {
      "算法": "matrixcsv",
      "优化轨道": "多目标",
      "种子数量": 1,
      "HV均值": 2.5517299244688696e+22,
      "HV标准差": 0.0,
      "帕累托规模均值": 1,
      "帕累托规模标准差": 0.0,
      "最优延迟均值_ns": 4001328.28973039,
      "最优延迟标准差_ns": 0.0,
      "最优能耗均值_nJ": 1606120.9014031086,
      "最优能耗标准差_nJ": 0.0,
      "最优面积均值_um2": 885898653.5562104,
      "最优面积标准差_um2": 0.0,
      "墙钟时间均值_s": 1314.8782420158386
    }
  ]
}