算法,优化轨道,随机种子,总评估次数,帕累托解数量,超体积_HV,HV参考_延迟,HV参考_能耗,HV参考_面积,最优标量目标,最优延迟_ns,最优能耗_nJ,最优面积_um2,最优精度,墙钟时间_s
matrixcsv,多目标,419,12,4,2.9199859273822333e+23,19081133.46634984,15663528.149921106,2669372444.9185567,,4430024.989793121,3193060.1506895665,894254493.5562104,0.951171875,1089.0109269618988
