{
  "说明": "与 comparison.json 数值一致，键名为中文便于阅读。",
  "试验": [
    {
      "算法": "matrixcsv",
      "优化轨道": "多目标",
      "随机种子": 11,
      "总评估次数": 1,
      "帕累托解数量": 1,
      "超体积_HV": 1.0162207617086261e+20,
      "HV参考_延迟": 4873027.488772433,
      "HV参考_能耗": 10398198.040396122,
      "HV参考_面积": 2669372444.9185567,
      "最优标量目标": null,
      "最优延迟_ns": 4430024.989793121,
      "最优能耗_nJ": 9452907.30945102,
      "最优面积_um2": 2426702222.653233,
      "最优精度": 0.9375,
      "墙钟时间_s": 75.05667304992676
    }
  ],
  "汇总": [
    {
      "算法": "matrixcsv",
      "优化轨道": "多目标",
      "种子数量": 1,
      "HV均值": 1.0162207617086261e+20,
      "HV标准差": 0.0,
      "帕累托规模均值": 1,
      "帕累托规模标准差": 0.0,
      "最优延迟均值_ns": 4430024.989793121,
      "最优延迟标准差_ns": 0.0,
      "最优能耗均值_nJ": 9452907.30945102,
      "最优能耗标准差_nJ": 0.0,
      "最优面积均值_um2": 2426702222.653233,
      "最优面积标准差_um2": 0.0,
      "墙钟时间均值_s": 75.05667304992676
    }
  ]
}