{
  "trials": [
    {
      "algo": "matrixcsv",
      "track": "multi",
      "seed": 11,
      "total_evaluated": 1,
      "pareto_size": 1,
      "hypervolume": 1.0162207617086261e+20,
      "hv_ref_lat": 4873027.488772433,
      "hv_ref_en": 10398198.040396122,
      "hv_ref_area": 2669372444.9185567,
      "best_scalarized_obj": null,
      "best_latency_ns": 4430024.989793121,
      "best_energy_nj": 9452907.30945102,
      "best_area_um2": 2426702222.653233,
      "best_accuracy": 0.9375,
      "wall_time_s": 75.05667304992676
    }
  ],
  "summary": [
    {
      "algo": "matrixcsv",
      "track": "multi",
      "n_seeds": 1,
      "mean_hypervolume": 1.0162207617086261e+20,
      "std_hypervolume": 0.0,
      "mean_pareto_size": 1,
      "std_pareto_size": 0.0,
      "mean_best_latency_ns": 4430024.989793121,
      "std_best_latency_ns": 0.0,
      "mean_best_energy_nj": 9452907.30945102,
      "std_best_energy_nj": 0.0,
      "mean_best_area_um2": 2426702222.653233,
      "std_best_area_um2": 0.0,
      "mean_wall_time_s": 75.05667304992676
    }
  ]
}