{
  "说明": "与 comparison.json 数值一致，键名为中文便于阅读。",
  "试验": [
    {
      "算法": "random",
      "优化轨道": "多目标",
      "随机种子": 42,
      "总评估次数": 10,
      "帕累托解数量": 1,
      "超体积_HV": 2.8778913742495553e+24,
      "HV参考_延迟": 52918340.930064715,
      "HV参考_能耗": 24469356.736941684,
      "HV参考_面积": 3888778452.819627,
      "最优标量目标": null,
      "最优延迟_ns": 5370465.03940621,
      "最优能耗_nJ": 660743.0108614445,
      "最优面积_um2": 806405342.0955797,
      "最优精度": 0.939453125,
      "墙钟时间_s": 989.7581198215485
    }
  ],
  "汇总": [
    {
      "算法": "random",
      "优化轨道": "多目标",
      "种子数量": 1,
      "HV均值": 2.8778913742495553e+24,
      "HV标准差": 0.0,
      "帕累托规模均值": 1,
      "帕累托规模标准差": 0.0,
      "最优延迟均值_ns": 5370465.03940621,
      "最优延迟标准差_ns": 0.0,
      "最优能耗均值_nJ": 660743.0108614445,
      "最优能耗标准差_nJ": 0.0,
      "最优面积均值_um2": 806405342.0955797,
      "最优面积标准差_um2": 0.0,
      "墙钟时间均值_s": 989.7581198215485
    }
  ]
}