{
  "trials": [
    {
      "algo": "matrixcsv",
      "track": "multi",
      "seed": 42,
      "total_evaluated": 8,
      "pareto_size": 4,
      "hypervolume": 8.07798832545538e+22,
      "hv_ref_lat": 6596846.5787328305,
      "hv_ref_en": 18760361.47252773,
      "hv_ref_area": 3391973813.534123,
      "best_scalarized_obj": null,
      "best_latency_ns": 3884383.145814948,
      "best_energy_nj": 1248300.8586948751,
      "best_area_um2": 1005056583.1245512,
      "best_accuracy": 0.9365234375,
      "wall_time_s": 1297.7506828308105
    }
  ],
  "summary": [
    {
      "algo": "matrixcsv",
      "track": "multi",
      "n_seeds": 1,
      "mean_hypervolume": 8.07798832545538e+22,
      "std_hypervolume": 0.0,
      "mean_pareto_size": 4,
      "std_pareto_size": 0.0,
      "mean_best_latency_ns": 3884383.145814948,
      "std_best_latency_ns": 0.0,
      "mean_best_energy_nj": 1248300.8586948751,
      "std_best_energy_nj": 0.0,
      "mean_best_area_um2": 1005056583.1245512,
      "std_best_area_um2": 0.0,
      "mean_wall_time_s": 1297.7506828308105
    }
  ]
}