{
  "说明": "与 comparison.json 数值一致，键名为中文便于阅读。",
  "试验": [
    {
      "算法": "matrixcsv",
      "优化轨道": "多目标",
      "随机种子": 42,
      "总评估次数": 8,
      "帕累托解数量": 2,
      "超体积_HV": 4.166179501565708e+23,
      "HV参考_延迟": 19081133.46634984,
      "HV参考_能耗": 15657434.689080736,
      "HV参考_面积": 3391315996.9185567,
      "最优标量目标": null,
      "最优延迟_ns": 4430024.989793121,
      "最优能耗_nJ": 3193060.1506895665,
      "最优面积_um2": 894254493.5562104,
      "最优精度": 0.93359375,
      "墙钟时间_s": 3787.1476349830627
    }
  ],
  "汇总": [
    {
      "算法": "matrixcsv",
      "优化轨道": "多目标",
      "种子数量": 1,
      "HV均值": 4.166179501565708e+23,
      "HV标准差": 0.0,
      "帕累托规模均值": 2,
      "帕累托规模标准差": 0.0,
      "最优延迟均值_ns": 4430024.989793121,
      "最优延迟标准差_ns": 0.0,
      "最优能耗均值_nJ": 3193060.1506895665,
      "最优能耗标准差_nJ": 0.0,
      "最优面积均值_um2": 894254493.5562104,
      "最优面积标准差_um2": 0.0,
      "墙钟时间均值_s": 3787.1476349830627
    }
  ]
}