{
  "trials": [
    {
      "algo": "random",
      "track": "multi",
      "seed": 1,
      "total_evaluated": 1,
      "pareto_size": 1,
      "hypervolume": 5.156318869493822e+19,
      "hv_ref_lat": 18544242.106515165,
      "hv_ref_en": 3121758.30276258,
      "hv_ref_area": 1185521563.782424,
      "best_scalarized_obj": null,
      "best_latency_ns": 16858401.915013786,
      "best_energy_nj": 2837962.093420527,
      "best_area_um2": 1077746876.16584,
      "best_accuracy": null,
      "wall_time_s": 2.018026113510132
    }
  ],
  "summary": [
    {
      "algo": "random",
      "track": "multi",
      "n_seeds": 1,
      "mean_hypervolume": 5.156318869493822e+19,
      "std_hypervolume": 0.0,
      "mean_pareto_size": 1,
      "std_pareto_size": 0.0,
      "mean_best_latency_ns": 16858401.915013786,
      "std_best_latency_ns": 0.0,
      "mean_best_energy_nj": 2837962.093420527,
      "std_best_energy_nj": 0.0,
      "mean_best_area_um2": 1077746876.16584,
      "std_best_area_um2": 0.0,
      "mean_wall_time_s": 2.018026113510132
    }
  ]
}