{
  "说明": "与 comparison.json 数值一致，键名为中文便于阅读。",
  "试验": [
    {
      "算法": "random",
      "优化轨道": "多目标",
      "随机种子": 1,
      "总评估次数": 1,
      "帕累托解数量": 1,
      "超体积_HV": 5.156318869493822e+19,
      "HV参考_延迟": 18544242.106515165,
      "HV参考_能耗": 3121758.30276258,
      "HV参考_面积": 1185521563.782424,
      "最优标量目标": null,
      "最优延迟_ns": 16858401.915013786,
      "最优能耗_nJ": 2837962.093420527,
      "最优面积_um2": 1077746876.16584,
      "最优精度": null,
      "墙钟时间_s": 2.018026113510132
    }
  ],
  "汇总": [
    {
      "算法": "random",
      "优化轨道": "多目标",
      "种子数量": 1,
      "HV均值": 5.156318869493822e+19,
      "HV标准差": 0.0,
      "帕累托规模均值": 1,
      "帕累托规模标准差": 0.0,
      "最优延迟均值_ns": 16858401.915013786,
      "最优延迟标准差_ns": 0.0,
      "最优能耗均值_nJ": 2837962.093420527,
      "最优能耗标准差_nJ": 0.0,
      "最优面积均值_um2": 1077746876.16584,
      "最优面积标准差_um2": 0.0,
      "墙钟时间均值_s": 2.018026113510132
    }
  ]
}