{
  "trials": [
    {
      "algo": "random",
      "track": "multi",
      "seed": 1,
      "total_evaluated": 5,
      "pareto_size": 2,
      "hypervolume": 3.4697860728246915e+22,
      "hv_ref_lat": 18544242.106515165,
      "hv_ref_en": 6314454.242670844,
      "hv_ref_area": 1378918238.9439638,
      "best_scalarized_obj": null,
      "best_latency_ns": 5485963.68298281,
      "best_energy_nj": 835727.9426917456,
      "best_area_um2": 884958721.4925516,
      "best_accuracy": null,
      "wall_time_s": 11.568457126617432
    }
  ],
  "summary": [
    {
      "algo": "random",
      "track": "multi",
      "n_seeds": 1,
      "mean_hypervolume": 3.4697860728246915e+22,
      "std_hypervolume": 0.0,
      "mean_pareto_size": 2,
      "std_pareto_size": 0.0,
      "mean_best_latency_ns": 5485963.68298281,
      "std_best_latency_ns": 0.0,
      "mean_best_energy_nj": 835727.9426917456,
      "std_best_energy_nj": 0.0,
      "mean_best_area_um2": 884958721.4925516,
      "std_best_area_um2": 0.0,
      "mean_wall_time_s": 11.568457126617432
    }
  ]
}