{
  "说明": "与 comparison.json 数值一致，键名为中文便于阅读。",
  "试验": [
    {
      "算法": "random",
      "优化轨道": "多目标",
      "随机种子": 1,
      "总评估次数": 5,
      "帕累托解数量": 2,
      "超体积_HV": 3.4697860728246915e+22,
      "HV参考_延迟": 18544242.106515165,
      "HV参考_能耗": 6314454.242670844,
      "HV参考_面积": 1378918238.9439638,
      "最优标量目标": null,
      "最优延迟_ns": 5485963.68298281,
      "最优能耗_nJ": 835727.9426917456,
      "最优面积_um2": 884958721.4925516,
      "最优精度": null,
      "墙钟时间_s": 11.568457126617432
    }
  ],
  "汇总": [
    {
      "算法": "random",
      "优化轨道": "多目标",
      "种子数量": 1,
      "HV均值": 3.4697860728246915e+22,
      "HV标准差": 0.0,
      "帕累托规模均值": 2,
      "帕累托规模标准差": 0.0,
      "最优延迟均值_ns": 5485963.68298281,
      "最优延迟标准差_ns": 0.0,
      "最优能耗均值_nJ": 835727.9426917456,
      "最优能耗标准差_nJ": 0.0,
      "最优面积均值_um2": 884958721.4925516,
      "最优面积标准差_um2": 0.0,
      "墙钟时间均值_s": 11.568457126617432
    }
  ]
}