{
  "objective": 32.20289893231219,
  "latency_ns": 3559405.1687249965,
  "energy_nj": 446724.43596553215,
  "area_um2": 832943199.7005515,
  "power_w": 10.112999718782488,
  "accuracy": null,
  "config": {
    "xbar_size": [
      512,
      512
    ],
    "adc_choice": 8,
    "dac_choice": 4,
    "pe_num": [
      2,
      2
    ],
    "tile_connection": 3,
    "inter_tile_bw": 80,
    "intra_tile_bw": 2048
  },
  "mode": "two_stage",
  "stage2": {
    "topk": 3,
    "accuracy_target": 0.9,
    "accuracy_penalty_factor": 120.0,
    "final_objective": 128.22846711413038,
    "stage2_accuracy": 0.09978693181818182,
    "accuracy_penalty": 96.02556818181819
  }
}