算法,随机种子,评估序号,阶段,延迟_ns,能耗_nJ,面积_um2,功耗_W,精度,单次耗时_s,交叉阵列尺寸,ADC档位,DAC档位,PE阵列规模,Tile连接方式,片间带宽,片内带宽
random,43,2,random,2906511.1688305126,247464.58029043855,1339074743.105671,12.510984479509588,,3.5301010608673096,512x512,8,2,2x2,1,40,512
random,43,21,random,5986983.999070592,249566.79439907783,1339046865.729671,11.888918879509585,,3.369642972946167,512x512,8,1,2x2,0,10,1024
random,43,71,random,2569333.5982905016,247921.65228251895,1339130497.857671,13.755115679509586,,3.5437090396881104,512x512,8,3,2x2,2,80,2048
random,43,75,random,2206714.5825780607,381121.965840052,1785427885.8167503,38.49559631382723,,4.376958131790161,256x256,8,2,2x2,3,80,2048
