{
  "trials": [
    {
      "algo": "random",
      "track": "multi",
      "seed": 42,
      "total_evaluated": 200,
      "pareto_size": 4,
      "hypervolume": 1.7094139748353847e+24,
      "hv_ref_lat": 50703930.682088986,
      "hv_ref_en": 21022662.4757832,
      "hv_ref_area": 2579586847.746608,
      "best_scalarized_obj": null,
      "best_latency_ns": 3096095.9946542145,
      "best_energy_nj": 431701.84715030564,
      "best_area_um2": 832821831.1245515,
      "best_accuracy": null,
      "wall_time_s": 572.8014230728149
    },
    {
      "algo": "random",
      "track": "multi",
      "seed": 43,
      "total_evaluated": 200,
      "pareto_size": 6,
      "hypervolume": 1.7071676883123156e+24,
      "hv_ref_lat": 50703930.682088986,
      "hv_ref_en": 21022662.4757832,
      "hv_ref_area": 2579586847.746608,
      "best_scalarized_obj": null,
      "best_latency_ns": 3188529.7385994596,
      "best_energy_nj": 431701.84715030564,
      "best_area_um2": 832821831.1245515,
      "best_accuracy": null,
      "wall_time_s": 573.8680729866028
    },
    {
      "algo": "random",
      "track": "multi",
      "seed": 44,
      "total_evaluated": 200,
      "pareto_size": 5,
      "hypervolume": 1.7003290544334054e+24,
      "hv_ref_lat": 50703930.682088986,
      "hv_ref_en": 21022662.4757832,
      "hv_ref_area": 2579586847.746608,
      "best_scalarized_obj": null,
      "best_latency_ns": 3394446.9293064657,
      "best_energy_nj": 431721.2155879321,
      "best_area_um2": 832821831.1245515,
      "best_accuracy": null,
      "wall_time_s": 581.8227248191833
    }
  ],
  "summary": [
    {
      "algo": "random",
      "track": "multi",
      "n_seeds": 3,
      "mean_hypervolume": 1.7056369058603686e+24,
      "std_hypervolume": 4.731956874694274e+21,
      "mean_pareto_size": 5,
      "std_pareto_size": 1.0,
      "mean_best_latency_ns": 3226357.5541867134,
      "std_best_latency_ns": 152730.24512533663,
      "mean_best_energy_nj": 431708.30329618114,
      "std_best_energy_nj": 11.182372677417602,
      "mean_best_area_um2": 832821831.1245515,
      "std_best_area_um2": 0.0,
      "mean_wall_time_s": 576.1640736262003
    }
  ]
}