算法,随机种子,评估序号,阶段,延迟_ns,能耗_nJ,面积_um2,功耗_W,精度,单次耗时_s,交叉阵列尺寸,ADC档位,DAC档位,PE阵列规模,Tile连接方式,片间带宽,片内带宽
random,42,97,random,3967730.6277577113,431701.84715030564,832839169.4925516,7.8445101187824875,,2.349457025527954,512x512,8,2,2x2,1,40,1024
random,42,98,random,4007676.34582322,436485.5739678527,832821831.1245515,7.466428518782486,,2.6351490020751953,512x512,8,1,2x2,3,40,512
random,42,116,random,3559405.1687249965,446724.43596553215,832943199.7005515,10.112999718782488,,2.065871000289917,512x512,8,4,2x2,3,80,2048
random,42,122,random,3096095.9946542145,707248.3120373482,1118552359.8149135,25.52336250950817,,2.34679913520813,256x256,8,3,2x2,2,80,2048
