rank,base_objective,stage2_accuracy,accuracy_penalty,final_objective,xbar_size,adc_choice,dac_choice,pe_num,tile_connection,inter_tile_bw,intra_tile_bw
1,32.16669899246325,0.09978693181818182,96.02556818181819,128.19226717428143,"(512, 512)",8,3,"(2, 2)",3,80,2048
2,32.181753872653076,0.09978693181818182,96.02556818181819,128.20732205447126,"(512, 512)",8,2,"(2, 2)",3,80,2048
3,32.191419861396135,0.09978693181818182,96.02556818181819,128.21698804321431,"(512, 512)",8,2,"(2, 2)",0,80,2048
